InformationDate,EnergyClassifier,DataSource,Location,Product,Fuel_Price,FuelPrice_MoM_Change,FuelPrice_MoM_Percentage
2025-02-01,Liquid/gas Fuel,fuelsindustry.org.za,GAUTENG,ILLUMINATING PARAFFIN (C/L),1423.318,97.00,2.53
2025-02-01,Liquid/gas Fuel,fuelsindustry.org.za,GAUTENG,LIQUEFIED PETROLEUM GAS (C/KG),3829.0,0.00,0.00
2025-02-01,Liquid/gas Fuel,fuelsindustry.org.za,COASTAL,95 LRP (C/L),2162.0,134.00,6.20
2025-02-01,Liquid/gas Fuel,fuelsindustry.org.za,COASTAL,95 ULP (C/L),2162.0,134.00,6.05
2025-02-01,Liquid/gas Fuel,fuelsindustry.org.za,GAUTENG,93 ULP (C/L),2216.0,82.00,3.66
2025-02-01,Liquid/gas Fuel,fuelsindustry.org.za,GAUTENG,95 ULP (C/L),2241.0,82.00,4.03
2025-02-01,Liquid/gas Fuel,fuelsindustry.org.za,GAUTENG,DIESEL 0.05% (C/L),2033.55,105.00,5.37
2025-02-01,Liquid/gas Fuel,fuelsindustry.org.za,COASTAL,DIESEL 0.05% (C/L),1954.55,105.00,7.93
2025-02-01,Liquid/gas Fuel,fuelsindustry.org.za,COASTAL,ILLUMINATING PARAFFIN (C/L),1324.118,97.00,4.94
2025-02-01,Liquid/gas Fuel,fuelsindustry.org.za,COASTAL,DIESEL 0.005% (C/L),1964.95,101.00,4.56
2025-02-01,Liquid/gas Fuel,fuelsindustry.org.za,GAUTENG,93 LRP (C/L),2216.0,82.00,4.01
2025-02-01,Liquid/gas Fuel,fuelsindustry.org.za,GAUTENG,DIESEL 0.005% (C/L),2043.95,101.00,2.85
2025-02-01,Liquid/gas Fuel,fuelsindustry.org.za,COASTAL,LIQUEFIED PETROLEUM GAS (C/KG),3542.0,28.00,1.50
2025-01-01,Liquid/gas Fuel,fuelsindustry.org.za,COASTAL,DIESEL 0.005% (C/L),1863.95,10.30,0.56
2025-01-01,Liquid/gas Fuel,fuelsindustry.org.za,COASTAL,DIESEL 0.05% (C/L),1849.55,7.30,0.38
2025-01-01,Liquid/gas Fuel,fuelsindustry.org.za,GAUTENG,DIESEL 0.05% (C/L),1928.55,7.50,0.57
2025-01-01,Liquid/gas Fuel,fuelsindustry.org.za,GAUTENG,ILLUMINATING PARAFFIN (C/L),1326.318,-9.50,-0.25
2025-01-01,Liquid/gas Fuel,fuelsindustry.org.za,GAUTENG,LIQUEFIED PETROLEUM GAS (C/KG),3829.0,13.00,0.37
2025-01-01,Liquid/gas Fuel,fuelsindustry.org.za,COASTAL,LIQUEFIED PETROLEUM GAS (C/KG),3514.0,14.00,0.72
2025-01-01,Liquid/gas Fuel,fuelsindustry.org.za,GAUTENG,DIESEL 0.005% (C/L),1942.95,10.50,0.86
2025-01-01,Liquid/gas Fuel,fuelsindustry.org.za,COASTAL,ILLUMINATING PARAFFIN (C/L),1227.118,-9.70,-0.45
2025-01-01,Liquid/gas Fuel,fuelsindustry.org.za,GAUTENG,95 ULP (C/L),2159.0,12.00,0.59
2025-01-01,Liquid/gas Fuel,fuelsindustry.org.za,COASTAL,95 LRP (C/L),2028.0,-40.00,-1.87
2025-01-01,Liquid/gas Fuel,fuelsindustry.org.za,GAUTENG,93 LRP (C/L),2134.0,19.00,0.89
2025-01-01,Liquid/gas Fuel,fuelsindustry.org.za,GAUTENG,93 ULP (C/L),2134.0,19.00,0.94
2025-01-01,Liquid/gas Fuel,fuelsindustry.org.za,COASTAL,95 ULP (C/L),2028.0,-40.00,-1.93
2024-12-01,Liquid/gas Fuel,fuelsindustry.org.za,COASTAL,95 LRP (C/L),2068.0,17.00,0.80
2024-12-01,Liquid/gas Fuel,fuelsindustry.org.za,GAUTENG,93 ULP (C/L),2115.0,17.00,0.88
2024-12-01,Liquid/gas Fuel,fuelsindustry.org.za,GAUTENG,DIESEL 0.05% (C/L),1921.05,54.88,2.56
2024-12-01,Liquid/gas Fuel,fuelsindustry.org.za,GAUTENG,95 ULP (C/L),2147.0,17.00,0.92
2024-12-01,Liquid/gas Fuel,fuelsindustry.org.za,COASTAL,DIESEL 0.005% (C/L),1853.65,55.88,3.03
2024-12-01,Liquid/gas Fuel,fuelsindustry.org.za,COASTAL,DIESEL 0.05% (C/L),1842.25,54.88,4.44
2024-12-01,Liquid/gas Fuel,fuelsindustry.org.za,COASTAL,ILLUMINATING PARAFFIN (C/L),1236.818,48.88,2.53
2024-12-01,Liquid/gas Fuel,fuelsindustry.org.za,GAUTENG,DIESEL 0.005% (C/L),1932.45,55.88,4.18
2024-12-01,Liquid/gas Fuel,fuelsindustry.org.za,GAUTENG,ILLUMINATING PARAFFIN (C/L),1335.818,48.88,2.36
2024-12-01,Liquid/gas Fuel,fuelsindustry.org.za,COASTAL,95 ULP (C/L),2068.0,17.00,0.80
2024-12-01,Liquid/gas Fuel,fuelsindustry.org.za,GAUTENG,93 LRP (C/L),2115.0,17.00,0.45
2024-12-01,Liquid/gas Fuel,fuelsindustry.org.za,GAUTENG,LIQUEFIED PETROLEUM GAS (C/KG),3816.0,172.00,4.91
2024-12-01,Liquid/gas Fuel,fuelsindustry.org.za,COASTAL,LIQUEFIED PETROLEUM GAS (C/KG),3500.0,152.00,8.45
2024-11-01,Liquid/gas Fuel,fuelsindustry.org.za,COASTAL,DIESEL 0.005% (C/L),1797.77,20.00,0.95
2024-11-01,Liquid/gas Fuel,fuelsindustry.org.za,GAUTENG,93 ULP (C/L),2098.0,25.00,1.22
2024-11-01,Liquid/gas Fuel,fuelsindustry.org.za,COASTAL,95 ULP (C/L),2051.0,25.00,1.40
2024-11-01,Liquid/gas Fuel,fuelsindustry.org.za,COASTAL,DIESEL 0.05% (C/L),1787.37,21.00,1.13
2024-11-01,Liquid/gas Fuel,fuelsindustry.org.za,GAUTENG,DIESEL 0.05% (C/L),1866.17,21.00,1.12
2024-11-01,Liquid/gas Fuel,fuelsindustry.org.za,GAUTENG,DIESEL 0.005% (C/L),1876.57,20.00,0.95
2024-11-01,Liquid/gas Fuel,fuelsindustry.org.za,GAUTENG,93 LRP (C/L),2098.0,25.00,1.94
2024-11-01,Liquid/gas Fuel,fuelsindustry.org.za,GAUTENG,ILLUMINATING PARAFFIN (C/L),1286.938,21.00,0.63
2024-11-01,Liquid/gas Fuel,fuelsindustry.org.za,COASTAL,LIQUEFIED PETROLEUM GAS (C/KG),3348.0,36.00,1.69
2024-11-01,Liquid/gas Fuel,fuelsindustry.org.za,GAUTENG,95 ULP (C/L),2130.0,25.00,2.10
2024-11-01,Liquid/gas Fuel,fuelsindustry.org.za,COASTAL,ILLUMINATING PARAFFIN (C/L),1187.938,21.00,1.02
2024-11-01,Liquid/gas Fuel,fuelsindustry.org.za,COASTAL,95 LRP (C/L),2051.0,25.00,0.69
2024-11-01,Liquid/gas Fuel,fuelsindustry.org.za,GAUTENG,LIQUEFIED PETROLEUM GAS (C/KG),3644.0,36.00,1.74
2024-10-01,Liquid/gas Fuel,fuelsindustry.org.za,GAUTENG,93 LRP (C/L),2073.0,-106.00,-5.71
2024-10-01,Liquid/gas Fuel,fuelsindustry.org.za,GAUTENG,DIESEL 0.005% (C/L),1856.57,-112.00,-6.30
2024-10-01,Liquid/gas Fuel,fuelsindustry.org.za,COASTAL,DIESEL 0.005% (C/L),1777.77,-111.80,-6.06
2024-10-01,Liquid/gas Fuel,fuelsindustry.org.za,GAUTENG,DIESEL 0.05% (C/L),1845.17,-114.00,-5.63
2024-10-01,Liquid/gas Fuel,fuelsindustry.org.za,COASTAL,95 LRP (C/L),2026.0,-114.00,-9.77
2024-10-01,Liquid/gas Fuel,fuelsindustry.org.za,COASTAL,ILLUMINATING PARAFFIN (C/L),1166.938,-110.80,-5.34
2024-10-01,Liquid/gas Fuel,fuelsindustry.org.za,GAUTENG,93 ULP (C/L),2073.0,-106.00,-5.23
2024-10-01,Liquid/gas Fuel,fuelsindustry.org.za,COASTAL,95 ULP (C/L),2026.0,-114.00,-3.16
2024-10-01,Liquid/gas Fuel,fuelsindustry.org.za,GAUTENG,LIQUEFIED PETROLEUM GAS (C/KG),3608.0,23.00,0.69
2024-10-01,Liquid/gas Fuel,fuelsindustry.org.za,COASTAL,LIQUEFIED PETROLEUM GAS (C/KG),3312.0,23.00,1.82
2024-10-01,Liquid/gas Fuel,fuelsindustry.org.za,GAUTENG,ILLUMINATING PARAFFIN (C/L),1265.938,-111.00,-6.28
2024-10-01,Liquid/gas Fuel,fuelsindustry.org.za,COASTAL,DIESEL 0.05% (C/L),1766.37,-113.80,-5.41
2024-10-01,Liquid/gas Fuel,fuelsindustry.org.za,GAUTENG,95 ULP (C/L),2105.0,-114.00,-5.33
2024-09-01,Liquid/gas Fuel,fuelsindustry.org.za,COASTAL,95 ULP (C/L),2140.0,-92.00,-4.22
2024-09-01,Liquid/gas Fuel,fuelsindustry.org.za,GAUTENG,93 ULP (C/L),2179.0,-92.00,-2.80
2024-09-01,Liquid/gas Fuel,fuelsindustry.org.za,COASTAL,LIQUEFIED PETROLEUM GAS (C/KG),3289.0,-10.00,-0.51
2024-09-01,Liquid/gas Fuel,fuelsindustry.org.za,GAUTENG,DIESEL 0.005% (C/L),1968.57,-105.00,-4.73
2024-09-01,Liquid/gas Fuel,fuelsindustry.org.za,GAUTENG,95 ULP (C/L),2219.0,-92.00,-7.20
2024-09-01,Liquid/gas Fuel,fuelsindustry.org.za,COASTAL,ILLUMINATING PARAFFIN (C/L),1277.738,-103.00,-4.73
2024-09-01,Liquid/gas Fuel,fuelsindustry.org.za,GAUTENG,93 LRP (C/L),2179.0,-92.00,-4.30
2024-09-01,Liquid/gas Fuel,fuelsindustry.org.za,COASTAL,95 LRP (C/L),2140.0,-92.00,-2.57
2024-09-01,Liquid/gas Fuel,fuelsindustry.org.za,GAUTENG,LIQUEFIED PETROLEUM GAS (C/KG),3585.0,-10.00,-0.51
2024-09-01,Liquid/gas Fuel,fuelsindustry.org.za,GAUTENG,DIESEL 0.05% (C/L),1959.17,-79.00,-5.74
2024-09-01,Liquid/gas Fuel,fuelsindustry.org.za,GAUTENG,ILLUMINATING PARAFFIN (C/L),1376.938,-103.00,-5.45
2024-09-01,Liquid/gas Fuel,fuelsindustry.org.za,COASTAL,DIESEL 0.005% (C/L),1889.57,-105.00,-5.58
2024-09-01,Liquid/gas Fuel,fuelsindustry.org.za,COASTAL,DIESEL 0.05% (C/L),1880.17,-79.00,-3.81
2024-08-01,Liquid/gas Fuel,fuelsindustry.org.za,GAUTENG,DIESEL 0.005% (C/L),2073.57,-17.00,-0.87
2024-08-01,Liquid/gas Fuel,fuelsindustry.org.za,COASTAL,DIESEL 0.05% (C/L),1959.17,-28.00,-1.23
2024-08-01,Liquid/gas Fuel,fuelsindustry.org.za,GAUTENG,93 LRP (C/L),2271.0,-15.00,-1.09
2024-08-01,Liquid/gas Fuel,fuelsindustry.org.za,COASTAL,ILLUMINATING PARAFFIN (C/L),1380.74,-22.00,-1.10
2024-08-01,Liquid/gas Fuel,fuelsindustry.org.za,COASTAL,DIESEL 0.005% (C/L),1994.57,-17.00,-0.83
2024-08-01,Liquid/gas Fuel,fuelsindustry.org.za,GAUTENG,DIESEL 0.05% (C/L),2038.17,-28.00,-1.89
2024-08-01,Liquid/gas Fuel,fuelsindustry.org.za,GAUTENG,ILLUMINATING PARAFFIN (C/L),1479.94,-22.00,-0.67
2024-08-01,Liquid/gas Fuel,fuelsindustry.org.za,COASTAL,LIQUEFIED PETROLEUM GAS (C/KG),3299.0,-14.00,-0.63
2024-08-01,Liquid/gas Fuel,fuelsindustry.org.za,COASTAL,95 LRP (C/L),2232.0,-15.00,-0.42
2024-08-01,Liquid/gas Fuel,fuelsindustry.org.za,GAUTENG,LIQUEFIED PETROLEUM GAS (C/KG),3595.0,-14.00,-0.63
2024-08-01,Liquid/gas Fuel,fuelsindustry.org.za,COASTAL,95 ULP (C/L),2232.0,-15.00,-0.66
2024-08-01,Liquid/gas Fuel,fuelsindustry.org.za,GAUTENG,93 ULP (C/L),2271.0,-15.00,-0.65
2024-08-01,Liquid/gas Fuel,fuelsindustry.org.za,GAUTENG,95 ULP (C/L),2311.0,-15.00,-0.64
2024-07-01,Liquid/gas Fuel,fuelsindustry.org.za,GAUTENG,95 ULP (C/L),2326.0,-99.00,-6.59
2024-07-01,Liquid/gas Fuel,fuelsindustry.org.za,GAUTENG,ILLUMINATING PARAFFIN (C/L),1501.938,-18.00,-0.54
2024-07-01,Liquid/gas Fuel,fuelsindustry.org.za,COASTAL,LIQUEFIED PETROLEUM GAS (C/KG),3313.0,-22.00,-0.98
2024-07-01,Liquid/gas Fuel,fuelsindustry.org.za,COASTAL,95 ULP (C/L),2247.0,-99.00,-4.41
2024-07-01,Liquid/gas Fuel,fuelsindustry.org.za,COASTAL,95 LRP (C/L),2247.0,-99.00,-4.98
2024-07-01,Liquid/gas Fuel,fuelsindustry.org.za,COASTAL,DIESEL 0.05% (C/L),1987.17,-30.38,-1.51
2024-07-01,Liquid/gas Fuel,fuelsindustry.org.za,COASTAL,DIESEL 0.005% (C/L),2011.57,-24.38,-1.07
2024-07-01,Liquid/gas Fuel,fuelsindustry.org.za,GAUTENG,93 LRP (C/L),2286.0,-105.00,-4.59
2024-07-01,Liquid/gas Fuel,fuelsindustry.org.za,GAUTENG,93 ULP (C/L),2286.0,-105.00,-7.49
2024-07-01,Liquid/gas Fuel,fuelsindustry.org.za,COASTAL,ILLUMINATING PARAFFIN (C/L),1402.738,-18.00,-0.50
2024-07-01,Liquid/gas Fuel,fuelsindustry.org.za,GAUTENG,LIQUEFIED PETROLEUM GAS (C/KG),3609.0,-22.00,-1.05
2024-07-01,Liquid/gas Fuel,fuelsindustry.org.za,GAUTENG,DIESEL 0.005% (C/L),2090.57,-24.38,-1.18
2024-07-01,Liquid/gas Fuel,fuelsindustry.org.za,GAUTENG,DIESEL 0.05% (C/L),2066.17,-30.38,-1.27
2024-06-01,Liquid/gas Fuel,fuelsindustry.org.za,GAUTENG,93 ULP (C/L),2391.0,-124.00,-6.09
2024-06-01,Liquid/gas Fuel,fuelsindustry.org.za,COASTAL,DIESEL 0.005% (C/L),2035.95,-108.54,-7.14
2024-06-01,Liquid/gas Fuel,fuelsindustry.org.za,GAUTENG,ILLUMINATING PARAFFIN (C/L),1519.938,-80.00,-2.20
2024-06-01,Liquid/gas Fuel,fuelsindustry.org.za,GAUTENG,LIQUEFIED PETROLEUM GAS (C/KG),3631.0,-135.00,-4.05
2024-06-01,Liquid/gas Fuel,fuelsindustry.org.za,COASTAL,LIQUEFIED PETROLEUM GAS (C/KG),3335.0,-135.00,-5.65
2024-06-01,Liquid/gas Fuel,fuelsindustry.org.za,GAUTENG,93 LRP (C/L),2391.0,-124.00,-5.29
2024-06-01,Liquid/gas Fuel,fuelsindustry.org.za,COASTAL,95 LRP (C/L),2346.0,-124.00,-5.86
2024-06-01,Liquid/gas Fuel,fuelsindustry.org.za,GAUTENG,DIESEL 0.005% (C/L),2114.95,-108.54,-4.63
2024-06-01,Liquid/gas Fuel,fuelsindustry.org.za,COASTAL,95 ULP (C/L),2346.0,-124.00,-5.11
2024-06-01,Liquid/gas Fuel,fuelsindustry.org.za,GAUTENG,95 ULP (C/L),2425.0,-124.00,-8.73
2024-06-01,Liquid/gas Fuel,fuelsindustry.org.za,COASTAL,ILLUMINATING PARAFFIN (C/L),1420.738,-80.00,-3.97
2024-06-01,Liquid/gas Fuel,fuelsindustry.org.za,COASTAL,DIESEL 0.05% (C/L),2017.55,-118.54,-5.65
2024-06-01,Liquid/gas Fuel,fuelsindustry.org.za,GAUTENG,DIESEL 0.05% (C/L),2096.55,-118.54,-3.42
2024-05-01,Liquid/gas Fuel,fuelsindustry.org.za,COASTAL,LIQUEFIED PETROLEUM GAS (C/KG),3470.0,-46.00,-1.83
2024-05-01,Liquid/gas Fuel,fuelsindustry.org.za,GAUTENG,93 LRP (C/L),2515.0,37.00,2.47
2024-05-01,Liquid/gas Fuel,fuelsindustry.org.za,COASTAL,ILLUMINATING PARAFFIN (C/L),1500.738,-19.00,-0.85
2024-05-01,Liquid/gas Fuel,fuelsindustry.org.za,GAUTENG,DIESEL 0.005% (C/L),2223.49,-36.00,-0.96
2024-05-01,Liquid/gas Fuel,fuelsindustry.org.za,GAUTENG,LIQUEFIED PETROLEUM GAS (C/KG),3766.0,-46.00,-2.15
2024-05-01,Liquid/gas Fuel,fuelsindustry.org.za,COASTAL,DIESEL 0.005% (C/L),2144.49,-36.00,-1.46
2024-05-01,Liquid/gas Fuel,fuelsindustry.org.za,COASTAL,95 ULP (C/L),2470.0,37.00,2.31
2024-05-01,Liquid/gas Fuel,fuelsindustry.org.za,GAUTENG,ILLUMINATING PARAFFIN (C/L),1599.938,-19.00,-0.76
2024-05-01,Liquid/gas Fuel,fuelsindustry.org.za,GAUTENG,93 ULP (C/L),2515.0,37.00,1.50
2024-05-01,Liquid/gas Fuel,fuelsindustry.org.za,COASTAL,95 LRP (C/L),2470.0,37.00,1.67
2024-05-01,Liquid/gas Fuel,fuelsindustry.org.za,GAUTENG,DIESEL 0.05% (C/L),2215.09,-30.00,-1.40
2024-05-01,Liquid/gas Fuel,fuelsindustry.org.za,COASTAL,DIESEL 0.05% (C/L),2136.09,-30.00,-1.18
2024-05-01,Liquid/gas Fuel,fuelsindustry.org.za,GAUTENG,95 ULP (C/L),2549.0,37.00,1.49
2024-04-01,Liquid/gas Fuel,fuelsindustry.org.za,GAUTENG,93 LRP (C/L),2478.0,65.00,1.71
2024-04-01,Liquid/gas Fuel,fuelsindustry.org.za,GAUTENG,LIQUEFIED PETROLEUM GAS (C/KG),3812.0,-19.00,-0.78
2024-04-01,Liquid/gas Fuel,fuelsindustry.org.za,COASTAL,95 LRP (C/L),2433.0,60.00,2.77
2024-04-01,Liquid/gas Fuel,fuelsindustry.org.za,COASTAL,DIESEL 0.05% (C/L),2166.09,-3.78,-0.17
2024-04-01,Liquid/gas Fuel,fuelsindustry.org.za,GAUTENG,DIESEL 0.005% (C/L),2259.49,-1.78,-0.07
2024-04-01,Liquid/gas Fuel,fuelsindustry.org.za,COASTAL,95 ULP (C/L),2433.0,60.00,2.75
2024-04-01,Liquid/gas Fuel,fuelsindustry.org.za,COASTAL,DIESEL 0.005% (C/L),2180.49,-8.78,-0.35
2024-04-01,Liquid/gas Fuel,fuelsindustry.org.za,GAUTENG,93 ULP (C/L),2478.0,65.00,2.59
2024-04-01,Liquid/gas Fuel,fuelsindustry.org.za,GAUTENG,95 ULP (C/L),2512.0,67.00,2.98
2024-04-01,Liquid/gas Fuel,fuelsindustry.org.za,GAUTENG,DIESEL 0.05% (C/L),2245.09,3.22,0.21
2024-04-01,Liquid/gas Fuel,fuelsindustry.org.za,COASTAL,ILLUMINATING PARAFFIN (C/L),1519.74,-35.70,-1.02
2024-04-01,Liquid/gas Fuel,fuelsindustry.org.za,COASTAL,LIQUEFIED PETROLEUM GAS (C/KG),3516.0,-19.00,-1.17
2024-04-01,Liquid/gas Fuel,fuelsindustry.org.za,GAUTENG,ILLUMINATING PARAFFIN (C/L),1618.94,-29.00,-1.22
2024-03-01,Liquid/gas Fuel,fuelsindustry.org.za,COASTAL,95 ULP (C/L),2373.0,121.00,3.42
2024-03-01,Liquid/gas Fuel,fuelsindustry.org.za,COASTAL,LIQUEFIED PETROLEUM GAS (C/KG),3535.0,41.00,1.87
2024-03-01,Liquid/gas Fuel,fuelsindustry.org.za,COASTAL,DIESEL 0.005% (C/L),2189.27,118.90,5.48
2024-03-01,Liquid/gas Fuel,fuelsindustry.org.za,COASTAL,DIESEL 0.05% (C/L),2169.87,105.90,4.39
2024-03-01,Liquid/gas Fuel,fuelsindustry.org.za,GAUTENG,93 LRP (C/L),2413.0,121.00,7.78
2024-03-01,Liquid/gas Fuel,fuelsindustry.org.za,COASTAL,ILLUMINATING PARAFFIN (C/L),1555.438,64.00,2.65
2024-03-01,Liquid/gas Fuel,fuelsindustry.org.za,GAUTENG,93 ULP (C/L),2413.0,121.00,3.16
2024-03-01,Liquid/gas Fuel,fuelsindustry.org.za,GAUTENG,LIQUEFIED PETROLEUM GAS (C/KG),3831.0,41.00,2.49
2024-03-01,Liquid/gas Fuel,fuelsindustry.org.za,GAUTENG,ILLUMINATING PARAFFIN (C/L),1647.938,64.00,2.70
2024-03-01,Liquid/gas Fuel,fuelsindustry.org.za,COASTAL,95 LRP (C/L),2373.0,121.00,5.40
2024-03-01,Liquid/gas Fuel,fuelsindustry.org.za,GAUTENG,DIESEL 0.05% (C/L),2241.87,105.70,4.67
2024-03-01,Liquid/gas Fuel,fuelsindustry.org.za,GAUTENG,DIESEL 0.005% (C/L),2261.27,118.70,4.85
2024-03-01,Liquid/gas Fuel,fuelsindustry.org.za,GAUTENG,95 ULP (C/L),2445.0,121.00,5.65
2024-02-01,Liquid/gas Fuel,fuelsindustry.org.za,GAUTENG,DIESEL 0.005% (C/L),2142.57,70.00,3.05
2024-02-01,Liquid/gas Fuel,fuelsindustry.org.za,GAUTENG,93 ULP (C/L),2292.0,75.00,1.98
2024-02-01,Liquid/gas Fuel,fuelsindustry.org.za,GAUTENG,LIQUEFIED PETROLEUM GAS (C/KG),3790.0,37.00,2.34
2024-02-01,Liquid/gas Fuel,fuelsindustry.org.za,GAUTENG,ILLUMINATING PARAFFIN (C/L),1583.938,53.00,2.56
2024-02-01,Liquid/gas Fuel,fuelsindustry.org.za,COASTAL,DIESEL 0.005% (C/L),2070.37,70.00,3.28
2024-02-01,Liquid/gas Fuel,fuelsindustry.org.za,GAUTENG,DIESEL 0.05% (C/L),2136.17,73.00,3.54
2024-02-01,Liquid/gas Fuel,fuelsindustry.org.za,COASTAL,DIESEL 0.05% (C/L),2063.97,73.00,4.89
2024-02-01,Liquid/gas Fuel,fuelsindustry.org.za,COASTAL,ILLUMINATING PARAFFIN (C/L),1491.438,53.00,2.28
2024-02-01,Liquid/gas Fuel,fuelsindustry.org.za,GAUTENG,95 ULP (C/L),2324.0,75.00,3.33
2024-02-01,Liquid/gas Fuel,fuelsindustry.org.za,COASTAL,95 LRP (C/L),2252.0,75.00,3.33
2024-02-01,Liquid/gas Fuel,fuelsindustry.org.za,COASTAL,95 ULP (C/L),2252.0,75.00,2.15
2024-02-01,Liquid/gas Fuel,fuelsindustry.org.za,COASTAL,LIQUEFIED PETROLEUM GAS (C/KG),3494.0,37.00,1.61
2024-02-01,Liquid/gas Fuel,fuelsindustry.org.za,GAUTENG,93 LRP (C/L),2292.0,75.00,3.38
2024-01-01,Liquid/gas Fuel,fuelsindustry.org.za,GAUTENG,93 ULP (C/L),2217.0,-62.00,-2.76
2024-01-01,Liquid/gas Fuel,fuelsindustry.org.za,GAUTENG,95 ULP (C/L),2249.0,-76.00,-2.20
2024-01-01,Liquid/gas Fuel,fuelsindustry.org.za,COASTAL,LIQUEFIED PETROLEUM GAS (C/KG),3457.0,11.00,0.50
2024-01-01,Liquid/gas Fuel,fuelsindustry.org.za,GAUTENG,93 LRP (C/L),2217.0,-62.00,-2.99
2024-01-01,Liquid/gas Fuel,fuelsindustry.org.za,GAUTENG,DIESEL 0.005% (C/L),2072.57,-126.32,-8.25
2024-01-01,Liquid/gas Fuel,fuelsindustry.org.za,GAUTENG,ILLUMINATING PARAFFIN (C/L),1530.938,-93.00,-4.65
2024-01-01,Liquid/gas Fuel,fuelsindustry.org.za,COASTAL,DIESEL 0.005% (C/L),2000.37,-126.32,-5.80
2024-01-01,Liquid/gas Fuel,fuelsindustry.org.za,COASTAL,95 LRP (C/L),2177.0,-76.00,-5.28
2024-01-01,Liquid/gas Fuel,fuelsindustry.org.za,COASTAL,ILLUMINATING PARAFFIN (C/L),1438.438,-93.00,-4.67
2024-01-01,Liquid/gas Fuel,fuelsindustry.org.za,COASTAL,DIESEL 0.05% (C/L),1990.97,-118.32,-5.73
2024-01-01,Liquid/gas Fuel,fuelsindustry.org.za,GAUTENG,DIESEL 0.05% (C/L),2063.17,-118.32,-3.15
2024-01-01,Liquid/gas Fuel,fuelsindustry.org.za,GAUTENG,LIQUEFIED PETROLEUM GAS (C/KG),3753.0,11.00,0.51
2024-01-01,Liquid/gas Fuel,fuelsindustry.org.za,COASTAL,95 ULP (C/L),2177.0,-76.00,-4.68
2023-12-01,Liquid/gas Fuel,fuelsindustry.org.za,GAUTENG,ILLUMINATING PARAFFIN (C/L),1623.938,-171.12,-7.84
2023-12-01,Liquid/gas Fuel,fuelsindustry.org.za,GAUTENG,DIESEL 0.05% (C/L),2181.49,-235.42,-10.71
2023-12-01,Liquid/gas Fuel,fuelsindustry.org.za,GAUTENG,DIESEL 0.005% (C/L),2198.89,-241.42,-10.72
2023-12-01,Liquid/gas Fuel,fuelsindustry.org.za,COASTAL,95 LRP (C/L),2253.0,-65.00,-3.06
2023-12-01,Liquid/gas Fuel,fuelsindustry.org.za,COASTAL,DIESEL 0.005% (C/L),2126.69,-241.42,-6.45
2023-12-01,Liquid/gas Fuel,fuelsindustry.org.za,GAUTENG,LIQUEFIED PETROLEUM GAS (C/KG),3742.0,167.00,7.33
2023-12-01,Liquid/gas Fuel,fuelsindustry.org.za,GAUTENG,93 ULP (C/L),2279.0,-65.00,-2.85
2023-12-01,Liquid/gas Fuel,fuelsindustry.org.za,GAUTENG,93 LRP (C/L),2279.0,-65.00,-3.08
2023-12-01,Liquid/gas Fuel,fuelsindustry.org.za,COASTAL,DIESEL 0.05% (C/L),2109.29,-235.42,-6.83
2023-12-01,Liquid/gas Fuel,fuelsindustry.org.za,COASTAL,LIQUEFIED PETROLEUM GAS (C/KG),3446.0,130.00,5.59
2023-12-01,Liquid/gas Fuel,fuelsindustry.org.za,GAUTENG,95 ULP (C/L),2325.0,-65.00,-4.24
2023-12-01,Liquid/gas Fuel,fuelsindustry.org.za,COASTAL,ILLUMINATING PARAFFIN (C/L),1531.438,-171.12,-7.60
2023-12-01,Liquid/gas Fuel,fuelsindustry.org.za,COASTAL,95 ULP (C/L),2253.0,-65.00,-2.80
2023-11-01,Liquid/gas Fuel,fuelsindustry.org.za,COASTAL,95 LRP (C/L),2318.0,-178.00,-4.98
2023-11-01,Liquid/gas Fuel,fuelsindustry.org.za,GAUTENG,LIQUEFIED PETROLEUM GAS (C/KG),3575.0,149.00,6.29
2023-11-01,Liquid/gas Fuel,fuelsindustry.org.za,COASTAL,DIESEL 0.005% (C/L),2368.11,-82.08,-4.57
2023-11-01,Liquid/gas Fuel,fuelsindustry.org.za,GAUTENG,ILLUMINATING PARAFFIN (C/L),1795.058,-97.00,-4.18
2023-11-01,Liquid/gas Fuel,fuelsindustry.org.za,COASTAL,95 ULP (C/L),2318.0,-178.00,-7.59
2023-11-01,Liquid/gas Fuel,fuelsindustry.org.za,GAUTENG,93 ULP (C/L),2344.0,-178.00,-10.45
2023-11-01,Liquid/gas Fuel,fuelsindustry.org.za,COASTAL,ILLUMINATING PARAFFIN (C/L),1702.558,-97.00,-2.93
2023-11-01,Liquid/gas Fuel,fuelsindustry.org.za,COASTAL,LIQUEFIED PETROLEUM GAS (C/KG),3316.0,149.00,6.16
2023-11-01,Liquid/gas Fuel,fuelsindustry.org.za,GAUTENG,DIESEL 0.05% (C/L),2416.91,-85.08,-3.63
2023-11-01,Liquid/gas Fuel,fuelsindustry.org.za,GAUTENG,93 LRP (C/L),2344.0,-178.00,-7.59
2023-11-01,Liquid/gas Fuel,fuelsindustry.org.za,COASTAL,DIESEL 0.05% (C/L),2344.71,-85.08,-3.56
2023-11-01,Liquid/gas Fuel,fuelsindustry.org.za,GAUTENG,95 ULP (C/L),2390.0,-178.00,-7.29
2023-11-01,Liquid/gas Fuel,fuelsindustry.org.za,GAUTENG,DIESEL 0.005% (C/L),2440.31,-82.08,-3.35
2023-10-01,Liquid/gas Fuel,fuelsindustry.org.za,COASTAL,DIESEL 0.005% (C/L),2450.19,193.70,7.97
2023-10-01,Liquid/gas Fuel,fuelsindustry.org.za,COASTAL,DIESEL 0.05% (C/L),2429.79,196.70,10.40
2023-10-01,Liquid/gas Fuel,fuelsindustry.org.za,GAUTENG,ILLUMINATING PARAFFIN (C/L),1892.058,151.00,5.99
2023-10-01,Liquid/gas Fuel,fuelsindustry.org.za,GAUTENG,93 LRP (C/L),2522.0,108.00,4.33
2023-10-01,Liquid/gas Fuel,fuelsindustry.org.za,COASTAL,95 LRP (C/L),2496.0,114.00,3.33
2023-10-01,Liquid/gas Fuel,fuelsindustry.org.za,GAUTENG,LIQUEFIED PETROLEUM GAS (C/KG),3426.0,250.00,9.91
2023-10-01,Liquid/gas Fuel,fuelsindustry.org.za,GAUTENG,93 ULP (C/L),2522.0,108.00,6.00
2023-10-01,Liquid/gas Fuel,fuelsindustry.org.za,COASTAL,ILLUMINATING PARAFFIN (C/L),1799.558,151.00,4.77
2023-10-01,Liquid/gas Fuel,fuelsindustry.org.za,COASTAL,LIQUEFIED PETROLEUM GAS (C/KG),3167.0,250.00,9.99
2023-10-01,Liquid/gas Fuel,fuelsindustry.org.za,GAUTENG,DIESEL 0.05% (C/L),2501.99,196.70,7.88
2023-10-01,Liquid/gas Fuel,fuelsindustry.org.za,COASTAL,95 ULP (C/L),2496.0,114.00,4.52
2023-10-01,Liquid/gas Fuel,fuelsindustry.org.za,GAUTENG,DIESEL 0.005% (C/L),2522.39,193.70,7.54
2023-10-01,Liquid/gas Fuel,fuelsindustry.org.za,GAUTENG,95 ULP (C/L),2568.0,114.00,6.92
2023-09-01,Liquid/gas Fuel,fuelsindustry.org.za,COASTAL,ILLUMINATING PARAFFIN (C/L),1648.558,278.00,11.33
2023-09-01,Liquid/gas Fuel,fuelsindustry.org.za,GAUTENG,95 ULP (C/L),2454.0,171.00,5.86
2023-09-01,Liquid/gas Fuel,fuelsindustry.org.za,COASTAL,LIQUEFIED PETROLEUM GAS (C/KG),2917.0,226.00,7.12
2023-09-01,Liquid/gas Fuel,fuelsindustry.org.za,GAUTENG,LIQUEFIED PETROLEUM GAS (C/KG),3176.0,226.00,9.71
2023-09-01,Liquid/gas Fuel,fuelsindustry.org.za,GAUTENG,DIESEL 0.005% (C/L),2328.69,276.00,11.59
2023-09-01,Liquid/gas Fuel,fuelsindustry.org.za,COASTAL,95 LRP (C/L),2382.0,171.00,7.66
2023-09-01,Liquid/gas Fuel,fuelsindustry.org.za,COASTAL,DIESEL 0.05% (C/L),2233.09,284.00,16.31
2023-09-01,Liquid/gas Fuel,fuelsindustry.org.za,GAUTENG,ILLUMINATING PARAFFIN (C/L),1741.058,278.00,11.67
2023-09-01,Liquid/gas Fuel,fuelsindustry.org.za,COASTAL,95 ULP (C/L),2382.0,171.00,7.08
2023-09-01,Liquid/gas Fuel,fuelsindustry.org.za,GAUTENG,93 ULP (C/L),2414.0,171.00,7.08
2023-09-01,Liquid/gas Fuel,fuelsindustry.org.za,GAUTENG,93 LRP (C/L),2414.0,171.00,7.42
2023-09-01,Liquid/gas Fuel,fuelsindustry.org.za,GAUTENG,DIESEL 0.05% (C/L),2305.29,284.00,12.59
2023-09-01,Liquid/gas Fuel,fuelsindustry.org.za,COASTAL,DIESEL 0.005% (C/L),2256.49,276.00,14.16
2023-08-01,Liquid/gas Fuel,fuelsindustry.org.za,COASTAL,DIESEL 0.05% (C/L),1949.09,72.00,3.26
2023-08-01,Liquid/gas Fuel,fuelsindustry.org.za,COASTAL,95 LRP (C/L),2211.0,37.00,1.83
2023-08-01,Liquid/gas Fuel,fuelsindustry.org.za,GAUTENG,DIESEL 0.05% (C/L),2021.29,72.00,3.21
2023-08-01,Liquid/gas Fuel,fuelsindustry.org.za,GAUTENG,93 LRP (C/L),2243.0,37.00,1.67
2023-08-01,Liquid/gas Fuel,fuelsindustry.org.za,COASTAL,95 ULP (C/L),2211.0,37.00,2.53
2023-08-01,Liquid/gas Fuel,fuelsindustry.org.za,GAUTENG,ILLUMINATING PARAFFIN (C/L),1463.06,71.00,2.64
2023-08-01,Liquid/gas Fuel,fuelsindustry.org.za,COASTAL,LIQUEFIED PETROLEUM GAS (C/KG),2691.0,-162.00,-11.82
2023-08-01,Liquid/gas Fuel,fuelsindustry.org.za,COASTAL,ILLUMINATING PARAFFIN (C/L),1370.56,71.00,3.17
2023-08-01,Liquid/gas Fuel,fuelsindustry.org.za,GAUTENG,93 ULP (C/L),2243.0,37.00,1.80
2023-08-01,Liquid/gas Fuel,fuelsindustry.org.za,GAUTENG,DIESEL 0.005% (C/L),2052.69,71.00,2.41
2023-08-01,Liquid/gas Fuel,fuelsindustry.org.za,GAUTENG,LIQUEFIED PETROLEUM GAS (C/KG),2950.0,-161.00,-8.13
2023-08-01,Liquid/gas Fuel,fuelsindustry.org.za,COASTAL,DIESEL 0.005% (C/L),1980.49,71.00,3.11
2023-08-01,Liquid/gas Fuel,fuelsindustry.org.za,GAUTENG,95 ULP (C/L),2283.0,37.00,1.30
2023-07-01,Liquid/gas Fuel,fuelsindustry.org.za,COASTAL,LIQUEFIED PETROLEUM GAS (C/KG),2853.0,-295.00,-15.13
2023-07-01,Liquid/gas Fuel,fuelsindustry.org.za,GAUTENG,DIESEL 0.05% (C/L),1949.29,18.00,0.58
2023-07-01,Liquid/gas Fuel,fuelsindustry.org.za,GAUTENG,LIQUEFIED PETROLEUM GAS (C/KG),3111.0,-296.00,-13.42
2023-07-01,Liquid/gas Fuel,fuelsindustry.org.za,GAUTENG,93 ULP (C/L),2206.0,-24.00,-1.07
2023-07-01,Liquid/gas Fuel,fuelsindustry.org.za,GAUTENG,95 ULP (C/L),2246.0,-17.00,-0.89
2023-07-01,Liquid/gas Fuel,fuelsindustry.org.za,COASTAL,DIESEL 0.005% (C/L),1909.49,12.00,0.64
2023-07-01,Liquid/gas Fuel,fuelsindustry.org.za,COASTAL,DIESEL 0.05% (C/L),1877.09,18.00,0.91
2023-07-01,Liquid/gas Fuel,fuelsindustry.org.za,GAUTENG,DIESEL 0.005% (C/L),1981.69,12.00,0.86
2023-07-01,Liquid/gas Fuel,fuelsindustry.org.za,GAUTENG,ILLUMINATING PARAFFIN (C/L),1392.058,-4.00,-0.31
2023-07-01,Liquid/gas Fuel,fuelsindustry.org.za,COASTAL,ILLUMINATING PARAFFIN (C/L),1299.558,-4.00,-0.18
2023-07-01,Liquid/gas Fuel,fuelsindustry.org.za,GAUTENG,93 LRP (C/L),2206.0,-24.00,-1.10
2023-07-01,Liquid/gas Fuel,fuelsindustry.org.za,COASTAL,95 LRP (C/L),2174.0,-17.00,-0.78
2023-07-01,Liquid/gas Fuel,fuelsindustry.org.za,COASTAL,95 ULP (C/L),2174.0,-17.00,-1.22
2023-06-01,Liquid/gas Fuel,fuelsindustry.org.za,GAUTENG,ILLUMINATING PARAFFIN (C/L),1396.058,-43.00,-2.27
2023-06-01,Liquid/gas Fuel,fuelsindustry.org.za,COASTAL,DIESEL 0.005% (C/L),1897.49,-80.00,-2.54
2023-06-01,Liquid/gas Fuel,fuelsindustry.org.za,COASTAL,LIQUEFIED PETROLEUM GAS (C/KG),3148.0,75.00,5.75
2023-06-01,Liquid/gas Fuel,fuelsindustry.org.za,COASTAL,ILLUMINATING PARAFFIN (C/L),1303.558,-43.00,-1.90
2023-06-01,Liquid/gas Fuel,fuelsindustry.org.za,GAUTENG,95 ULP (C/L),2263.0,-71.00,-3.24
2023-06-01,Liquid/gas Fuel,fuelsindustry.org.za,COASTAL,95 LRP (C/L),2191.0,-71.00,-3.24
2023-06-01,Liquid/gas Fuel,fuelsindustry.org.za,COASTAL,95 ULP (C/L),2191.0,-71.00,-3.60
2023-06-01,Liquid/gas Fuel,fuelsindustry.org.za,GAUTENG,DIESEL 0.005% (C/L),1969.69,-80.00,-4.30
2023-06-01,Liquid/gas Fuel,fuelsindustry.org.za,COASTAL,DIESEL 0.05% (C/L),1859.09,-84.00,-3.77
2023-06-01,Liquid/gas Fuel,fuelsindustry.org.za,GAUTENG,93 ULP (C/L),2230.0,-71.00,-2.08
2023-06-01,Liquid/gas Fuel,fuelsindustry.org.za,GAUTENG,LIQUEFIED PETROLEUM GAS (C/KG),3407.0,75.00,3.88
2023-06-01,Liquid/gas Fuel,fuelsindustry.org.za,GAUTENG,DIESEL 0.05% (C/L),1931.29,-84.00,-3.77
2023-06-01,Liquid/gas Fuel,fuelsindustry.org.za,GAUTENG,93 LRP (C/L),2230.0,-71.00,-3.65
2023-05-01,Liquid/gas Fuel,fuelsindustry.org.za,COASTAL,DIESEL 0.05% (C/L),1943.09,-73.54,-3.20
2023-05-01,Liquid/gas Fuel,fuelsindustry.org.za,GAUTENG,93 LRP (C/L),2301.0,37.00,1.87
2023-05-01,Liquid/gas Fuel,fuelsindustry.org.za,COASTAL,DIESEL 0.005% (C/L),1977.49,-47.54,-2.32
2023-05-01,Liquid/gas Fuel,fuelsindustry.org.za,GAUTENG,DIESEL 0.005% (C/L),2049.69,-47.54,-2.10
2023-05-01,Liquid/gas Fuel,fuelsindustry.org.za,COASTAL,95 ULP (C/L),2262.0,37.00,1.20
2023-05-01,Liquid/gas Fuel,fuelsindustry.org.za,COASTAL,LIQUEFIED PETROLEUM GAS (C/KG),3073.0,-444.00,-19.30
2023-05-01,Liquid/gas Fuel,fuelsindustry.org.za,GAUTENG,93 ULP (C/L),2301.0,37.00,1.59
2023-05-01,Liquid/gas Fuel,fuelsindustry.org.za,GAUTENG,95 ULP (C/L),2334.0,37.00,2.75
2023-05-01,Liquid/gas Fuel,fuelsindustry.org.za,COASTAL,ILLUMINATING PARAFFIN (C/L),1346.558,-33.00,-0.99
2023-05-01,Liquid/gas Fuel,fuelsindustry.org.za,GAUTENG,LIQUEFIED PETROLEUM GAS (C/KG),3332.0,-444.00,-19.63
2023-05-01,Liquid/gas Fuel,fuelsindustry.org.za,COASTAL,95 LRP (C/L),2262.0,37.00,2.57
2023-05-01,Liquid/gas Fuel,fuelsindustry.org.za,GAUTENG,ILLUMINATING PARAFFIN (C/L),1439.058,-33.00,-1.64
2023-05-01,Liquid/gas Fuel,fuelsindustry.org.za,GAUTENG,DIESEL 0.05% (C/L),2015.29,-73.54,-3.31
2023-04-01,Liquid/gas Fuel,fuelsindustry.org.za,COASTAL,95 ULP (C/L),2225.0,-5.00,-0.34
2023-04-01,Liquid/gas Fuel,fuelsindustry.org.za,GAUTENG,ILLUMINATING PARAFFIN (C/L),1472.058,-124.90,-5.44
2023-04-01,Liquid/gas Fuel,fuelsindustry.org.za,GAUTENG,95 ULP (C/L),2297.0,2.00,0.10
2023-04-01,Liquid/gas Fuel,fuelsindustry.org.za,COASTAL,DIESEL 0.005% (C/L),2025.03,-81.58,-4.05
2023-04-01,Liquid/gas Fuel,fuelsindustry.org.za,COASTAL,DIESEL 0.05% (C/L),2016.63,-80.58,-2.13
2023-04-01,Liquid/gas Fuel,fuelsindustry.org.za,GAUTENG,LIQUEFIED PETROLEUM GAS (C/KG),3776.0,-92.00,-4.06
2023-04-01,Liquid/gas Fuel,fuelsindustry.org.za,GAUTENG,93 LRP (C/L),2264.0,-1.00,-0.05
2023-04-01,Liquid/gas Fuel,fuelsindustry.org.za,GAUTENG,DIESEL 0.05% (C/L),2088.83,-73.58,-3.25
2023-04-01,Liquid/gas Fuel,fuelsindustry.org.za,GAUTENG,93 ULP (C/L),2264.0,-1.00,-0.04
2023-04-01,Liquid/gas Fuel,fuelsindustry.org.za,COASTAL,95 LRP (C/L),2225.0,-5.00,-0.24
2023-04-01,Liquid/gas Fuel,fuelsindustry.org.za,GAUTENG,DIESEL 0.005% (C/L),2097.23,-74.58,-2.12
2023-04-01,Liquid/gas Fuel,fuelsindustry.org.za,COASTAL,LIQUEFIED PETROLEUM GAS (C/KG),3517.0,-93.00,-6.74
2023-04-01,Liquid/gas Fuel,fuelsindustry.org.za,COASTAL,ILLUMINATING PARAFFIN (C/L),1379.558,-138.20,-6.20
2023-03-01,Liquid/gas Fuel,fuelsindustry.org.za,COASTAL,95 LRP (C/L),2230.0,127.00,8.37
2023-03-01,Liquid/gas Fuel,fuelsindustry.org.za,COASTAL,ILLUMINATING PARAFFIN (C/L),1517.758,13.00,0.60
2023-03-01,Liquid/gas Fuel,fuelsindustry.org.za,GAUTENG,DIESEL 0.05% (C/L),2162.41,30.38,1.90
2023-03-01,Liquid/gas Fuel,fuelsindustry.org.za,GAUTENG,ILLUMINATING PARAFFIN (C/L),1596.958,13.00,0.57
2023-03-01,Liquid/gas Fuel,fuelsindustry.org.za,GAUTENG,95 ULP (C/L),2295.0,127.00,6.06
2023-03-01,Liquid/gas Fuel,fuelsindustry.org.za,COASTAL,DIESEL 0.05% (C/L),2097.21,30.38,1.40
2023-03-01,Liquid/gas Fuel,fuelsindustry.org.za,GAUTENG,DIESEL 0.005% (C/L),2171.81,31.38,1.49
2023-03-01,Liquid/gas Fuel,fuelsindustry.org.za,COASTAL,DIESEL 0.005% (C/L),2106.61,31.38,1.41
2023-03-01,Liquid/gas Fuel,fuelsindustry.org.za,COASTAL,95 ULP (C/L),2230.0,127.00,3.28
2023-03-01,Liquid/gas Fuel,fuelsindustry.org.za,GAUTENG,LIQUEFIED PETROLEUM GAS (C/KG),3868.0,522.00,23.05
2023-03-01,Liquid/gas Fuel,fuelsindustry.org.za,GAUTENG,93 LRP (C/L),2265.0,127.00,5.61
2023-03-01,Liquid/gas Fuel,fuelsindustry.org.za,GAUTENG,93 ULP (C/L),2265.0,127.00,3.52
2023-03-01,Liquid/gas Fuel,fuelsindustry.org.za,COASTAL,LIQUEFIED PETROLEUM GAS (C/KG),3610.0,523.00,15.63
2023-02-01,Liquid/gas Fuel,fuelsindustry.org.za,GAUTENG,LIQUEFIED PETROLEUM GAS (C/KG),3346.0,-140.00,-8.84
2023-02-01,Liquid/gas Fuel,fuelsindustry.org.za,GAUTENG,ILLUMINATING PARAFFIN (C/L),1583.958,58.00,2.71
2023-02-01,Liquid/gas Fuel,fuelsindustry.org.za,GAUTENG,93 ULP (C/L),2138.0,28.00,1.35
2023-02-01,Liquid/gas Fuel,fuelsindustry.org.za,COASTAL,DIESEL 0.05% (C/L),2066.83,9.16,0.44
2023-02-01,Liquid/gas Fuel,fuelsindustry.org.za,COASTAL,95 LRP (C/L),2103.0,28.00,1.86
2023-02-01,Liquid/gas Fuel,fuelsindustry.org.za,COASTAL,ILLUMINATING PARAFFIN (C/L),1504.758,58.00,2.79
2023-02-01,Liquid/gas Fuel,fuelsindustry.org.za,COASTAL,DIESEL 0.005% (C/L),2075.23,-0.84,-0.03
2023-02-01,Liquid/gas Fuel,fuelsindustry.org.za,COASTAL,LIQUEFIED PETROLEUM GAS (C/KG),3087.0,-140.00,-6.57
2023-02-01,Liquid/gas Fuel,fuelsindustry.org.za,GAUTENG,DIESEL 0.05% (C/L),2132.03,9.16,0.43
2023-02-01,Liquid/gas Fuel,fuelsindustry.org.za,GAUTENG,DIESEL 0.005% (C/L),2140.43,-0.84,-0.04
2023-02-01,Liquid/gas Fuel,fuelsindustry.org.za,GAUTENG,93 LRP (C/L),2138.0,28.00,1.29
2023-02-01,Liquid/gas Fuel,fuelsindustry.org.za,GAUTENG,95 ULP (C/L),2168.0,28.00,1.33
2023-02-01,Liquid/gas Fuel,fuelsindustry.org.za,COASTAL,95 ULP (C/L),2103.0,28.00,1.94
2023-01-01,Liquid/gas Fuel,fuelsindustry.org.za,COASTAL,ILLUMINATING PARAFFIN (C/L),1446.758,-193.00,-5.98
2023-01-01,Liquid/gas Fuel,fuelsindustry.org.za,COASTAL,LIQUEFIED PETROLEUM GAS (C/KG),3227.0,81.00,3.84
2023-01-01,Liquid/gas Fuel,fuelsindustry.org.za,GAUTENG,93 ULP (C/L),2110.0,-206.00,-9.63
2023-01-01,Liquid/gas Fuel,fuelsindustry.org.za,GAUTENG,95 ULP (C/L),2140.0,-206.00,-9.93
2023-01-01,Liquid/gas Fuel,fuelsindustry.org.za,COASTAL,95 ULP (C/L),2075.0,-206.00,-9.70
2023-01-01,Liquid/gas Fuel,fuelsindustry.org.za,GAUTENG,DIESEL 0.05% (C/L),2122.87,-268.90,-12.95
2023-01-01,Liquid/gas Fuel,fuelsindustry.org.za,COASTAL,DIESEL 0.005% (C/L),2076.07,-280.90,-18.41
2023-01-01,Liquid/gas Fuel,fuelsindustry.org.za,GAUTENG,ILLUMINATING PARAFFIN (C/L),1525.958,-193.00,-9.01
2023-01-01,Liquid/gas Fuel,fuelsindustry.org.za,GAUTENG,DIESEL 0.005% (C/L),2141.27,-280.90,-8.06
2023-01-01,Liquid/gas Fuel,fuelsindustry.org.za,GAUTENG,LIQUEFIED PETROLEUM GAS (C/KG),3486.0,82.00,3.99
2023-01-01,Liquid/gas Fuel,fuelsindustry.org.za,COASTAL,DIESEL 0.05% (C/L),2057.67,-268.90,-12.74
2023-01-01,Liquid/gas Fuel,fuelsindustry.org.za,GAUTENG,93 LRP (C/L),2110.0,-206.00,-9.93
2023-01-01,Liquid/gas Fuel,fuelsindustry.org.za,COASTAL,95 LRP (C/L),2075.0,-206.00,-8.61
2022-12-01,Liquid/gas Fuel,fuelsindustry.org.za,GAUTENG,DIESEL 0.05% (C/L),2391.77,-157.19,-6.49
2022-12-01,Liquid/gas Fuel,fuelsindustry.org.za,GAUTENG,DIESEL 0.005% (C/L),2422.17,-152.19,-6.67
2022-12-01,Liquid/gas Fuel,fuelsindustry.org.za,COASTAL,95 LRP (C/L),2281.0,59.00,2.55
2022-12-01,Liquid/gas Fuel,fuelsindustry.org.za,GAUTENG,93 ULP (C/L),2316.0,59.00,2.54
2022-12-01,Liquid/gas Fuel,fuelsindustry.org.za,COASTAL,DIESEL 0.05% (C/L),2326.57,-157.19,-9.14
2022-12-01,Liquid/gas Fuel,fuelsindustry.org.za,GAUTENG,ILLUMINATING PARAFFIN (C/L),1718.958,-57.33,-1.82
2022-12-01,Liquid/gas Fuel,fuelsindustry.org.za,COASTAL,LIQUEFIED PETROLEUM GAS (C/KG),3146.0,78.00,3.32
2022-12-01,Liquid/gas Fuel,fuelsindustry.org.za,GAUTENG,95 ULP (C/L),2346.0,59.00,1.73
2022-12-01,Liquid/gas Fuel,fuelsindustry.org.za,GAUTENG,LIQUEFIED PETROLEUM GAS (C/KG),3404.0,95.00,5.79
2022-12-01,Liquid/gas Fuel,fuelsindustry.org.za,COASTAL,ILLUMINATING PARAFFIN (C/L),1639.758,-57.33,-2.48
2022-12-01,Liquid/gas Fuel,fuelsindustry.org.za,GAUTENG,93 LRP (C/L),2316.0,59.00,2.59
2022-12-01,Liquid/gas Fuel,fuelsindustry.org.za,COASTAL,95 ULP (C/L),2281.0,59.00,2.50
2022-12-01,Liquid/gas Fuel,fuelsindustry.org.za,COASTAL,DIESEL 0.005% (C/L),2356.97,-152.19,-6.85
2022-11-01,Liquid/gas Fuel,fuelsindustry.org.za,COASTAL,95 ULP (C/L),2222.0,51.00,3.01
2022-11-01,Liquid/gas Fuel,fuelsindustry.org.za,COASTAL,ILLUMINATING PARAFFIN (C/L),1697.088,77.00,4.33
2022-11-01,Liquid/gas Fuel,fuelsindustry.org.za,GAUTENG,ILLUMINATING PARAFFIN (C/L),1776.288,77.00,3.02
2022-11-01,Liquid/gas Fuel,fuelsindustry.org.za,GAUTENG,DIESEL 0.05% (C/L),2548.96,142.86,6.33
2022-11-01,Liquid/gas Fuel,fuelsindustry.org.za,GAUTENG,93 LRP (C/L),2257.0,51.00,2.30
2022-11-01,Liquid/gas Fuel,fuelsindustry.org.za,COASTAL,95 LRP (C/L),2222.0,51.00,2.26
2022-11-01,Liquid/gas Fuel,fuelsindustry.org.za,GAUTENG,93 ULP (C/L),2257.0,51.00,1.98
2022-11-01,Liquid/gas Fuel,fuelsindustry.org.za,GAUTENG,DIESEL 0.005% (C/L),2574.36,143.86,4.35
2022-11-01,Liquid/gas Fuel,fuelsindustry.org.za,GAUTENG,LIQUEFIED PETROLEUM GAS (C/KG),3309.0,-98.00,-4.29
2022-11-01,Liquid/gas Fuel,fuelsindustry.org.za,GAUTENG,95 ULP (C/L),2287.0,51.00,2.03
2022-11-01,Liquid/gas Fuel,fuelsindustry.org.za,COASTAL,DIESEL 0.005% (C/L),2509.16,143.86,5.79
2022-11-01,Liquid/gas Fuel,fuelsindustry.org.za,COASTAL,DIESEL 0.05% (C/L),2483.76,142.86,4.66
2022-11-01,Liquid/gas Fuel,fuelsindustry.org.za,COASTAL,LIQUEFIED PETROLEUM GAS (C/KG),3068.0,-98.00,-6.05
2022-10-01,Liquid/gas Fuel,fuelsindustry.org.za,COASTAL,ILLUMINATING PARAFFIN (C/L),1620.088,-61.00,-2.61
2022-10-01,Liquid/gas Fuel,fuelsindustry.org.za,COASTAL,DIESEL 0.05% (C/L),2340.9,10.00,0.45
2022-10-01,Liquid/gas Fuel,fuelsindustry.org.za,GAUTENG,93 LRP (C/L),2206.0,-89.00,-2.61
2022-10-01,Liquid/gas Fuel,fuelsindustry.org.za,GAUTENG,LIQUEFIED PETROLEUM GAS (C/KG),3407.0,19.00,0.80
2022-10-01,Liquid/gas Fuel,fuelsindustry.org.za,COASTAL,DIESEL 0.005% (C/L),2365.3,15.00,0.68
2022-10-01,Liquid/gas Fuel,fuelsindustry.org.za,GAUTENG,93 ULP (C/L),2206.0,-89.00,-5.24
2022-10-01,Liquid/gas Fuel,fuelsindustry.org.za,GAUTENG,ILLUMINATING PARAFFIN (C/L),1699.288,-61.00,-2.81
2022-10-01,Liquid/gas Fuel,fuelsindustry.org.za,COASTAL,95 ULP (C/L),2171.0,-102.00,-4.70
2022-10-01,Liquid/gas Fuel,fuelsindustry.org.za,COASTAL,95 LRP (C/L),2171.0,-102.00,-4.24
2022-10-01,Liquid/gas Fuel,fuelsindustry.org.za,GAUTENG,DIESEL 0.05% (C/L),2406.1,10.00,0.41
2022-10-01,Liquid/gas Fuel,fuelsindustry.org.za,GAUTENG,DIESEL 0.005% (C/L),2430.5,15.00,0.67
2022-10-01,Liquid/gas Fuel,fuelsindustry.org.za,GAUTENG,95 ULP (C/L),2236.0,-102.00,-3.22
2022-10-01,Liquid/gas Fuel,fuelsindustry.org.za,COASTAL,LIQUEFIED PETROLEUM GAS (C/KG),3166.0,20.00,1.19
2022-09-01,Liquid/gas Fuel,fuelsindustry.org.za,COASTAL,ILLUMINATING PARAFFIN (C/L),1681.088,-82.00,-3.52
2022-09-01,Liquid/gas Fuel,fuelsindustry.org.za,COASTAL,DIESEL 0.05% (C/L),2330.9,-56.34,-2.40
2022-09-01,Liquid/gas Fuel,fuelsindustry.org.za,COASTAL,DIESEL 0.005% (C/L),2350.3,-46.34,-2.04
2022-09-01,Liquid/gas Fuel,fuelsindustry.org.za,COASTAL,95 ULP (C/L),2273.0,-204.00,-8.89
2022-09-01,Liquid/gas Fuel,fuelsindustry.org.za,GAUTENG,93 LRP (C/L),2295.0,-204.00,-8.45
2022-09-01,Liquid/gas Fuel,fuelsindustry.org.za,GAUTENG,DIESEL 0.005% (C/L),2415.5,-46.34,-1.98
2022-09-01,Liquid/gas Fuel,fuelsindustry.org.za,GAUTENG,95 ULP (C/L),2338.0,-204.00,-6.02
2022-09-01,Liquid/gas Fuel,fuelsindustry.org.za,GAUTENG,LIQUEFIED PETROLEUM GAS (C/KG),3388.0,-165.00,-7.26
2022-09-01,Liquid/gas Fuel,fuelsindustry.org.za,COASTAL,95 LRP (C/L),2273.0,-204.00,-8.51
2022-09-01,Liquid/gas Fuel,fuelsindustry.org.za,GAUTENG,DIESEL 0.05% (C/L),2396.1,-56.34,-3.20
2022-09-01,Liquid/gas Fuel,fuelsindustry.org.za,GAUTENG,ILLUMINATING PARAFFIN (C/L),1760.288,-82.00,-3.57
2022-09-01,Liquid/gas Fuel,fuelsindustry.org.za,GAUTENG,93 ULP (C/L),2295.0,-204.00,-6.48
2022-09-01,Liquid/gas Fuel,fuelsindustry.org.za,COASTAL,LIQUEFIED PETROLEUM GAS (C/KG),3146.0,-165.00,-6.88
2022-08-01,Liquid/gas Fuel,fuelsindustry.org.za,COASTAL,DIESEL 0.005% (C/L),2396.64,-91.00,-2.56
2022-08-01,Liquid/gas Fuel,fuelsindustry.org.za,GAUTENG,LIQUEFIED PETROLEUM GAS (C/KG),3553.0,57.00,2.32
2022-08-01,Liquid/gas Fuel,fuelsindustry.org.za,GAUTENG,DIESEL 0.05% (C/L),2452.44,-88.00,-4.78
2022-08-01,Liquid/gas Fuel,fuelsindustry.org.za,GAUTENG,ILLUMINATING PARAFFIN (C/L),1842.288,-144.00,-4.35
2022-08-01,Liquid/gas Fuel,fuelsindustry.org.za,COASTAL,LIQUEFIED PETROLEUM GAS (C/KG),3311.0,56.00,2.26
2022-08-01,Liquid/gas Fuel,fuelsindustry.org.za,COASTAL,95 LRP (C/L),2477.0,-132.00,-7.49
2022-08-01,Liquid/gas Fuel,fuelsindustry.org.za,COASTAL,ILLUMINATING PARAFFIN (C/L),1763.088,-144.00,-5.81
2022-08-01,Liquid/gas Fuel,fuelsindustry.org.za,COASTAL,95 ULP (C/L),2477.0,-132.00,-5.28
2022-08-01,Liquid/gas Fuel,fuelsindustry.org.za,GAUTENG,93 LRP (C/L),2499.0,-132.00,-5.53
2022-08-01,Liquid/gas Fuel,fuelsindustry.org.za,COASTAL,DIESEL 0.05% (C/L),2387.24,-88.00,-3.52
2022-08-01,Liquid/gas Fuel,fuelsindustry.org.za,GAUTENG,93 ULP (C/L),2499.0,-132.00,-5.19
2022-08-01,Liquid/gas Fuel,fuelsindustry.org.za,GAUTENG,95 ULP (C/L),2542.0,-132.00,-5.36
2022-08-01,Liquid/gas Fuel,fuelsindustry.org.za,GAUTENG,DIESEL 0.005% (C/L),2461.84,-91.00,-3.46
2022-07-01,Liquid/gas Fuel,fuelsindustry.org.za,GAUTENG,93 LRP (C/L),2631.0,237.00,8.86
2022-07-01,Liquid/gas Fuel,fuelsindustry.org.za,GAUTENG,95 ULP (C/L),2674.0,257.00,9.77
2022-07-01,Liquid/gas Fuel,fuelsindustry.org.za,GAUTENG,93 ULP (C/L),2631.0,237.00,9.28
2022-07-01,Liquid/gas Fuel,fuelsindustry.org.za,GAUTENG,DIESEL 0.005% (C/L),2552.84,230.00,6.58
2022-07-01,Liquid/gas Fuel,fuelsindustry.org.za,GAUTENG,LIQUEFIED PETROLEUM GAS (C/KG),3496.0,-218.00,-8.58
2022-07-01,Liquid/gas Fuel,fuelsindustry.org.za,GAUTENG,DIESEL 0.05% (C/L),2540.44,231.00,9.29
2022-07-01,Liquid/gas Fuel,fuelsindustry.org.za,COASTAL,DIESEL 0.005% (C/L),2487.64,230.00,7.07
2022-07-01,Liquid/gas Fuel,fuelsindustry.org.za,COASTAL,LIQUEFIED PETROLEUM GAS (C/KG),3255.0,-217.00,-11.38
2022-07-01,Liquid/gas Fuel,fuelsindustry.org.za,COASTAL,ILLUMINATING PARAFFIN (C/L),1907.088,165.20,6.33
2022-07-01,Liquid/gas Fuel,fuelsindustry.org.za,COASTAL,95 ULP (C/L),2609.0,257.00,9.85
2022-07-01,Liquid/gas Fuel,fuelsindustry.org.za,COASTAL,95 LRP (C/L),2609.0,257.00,12.94
2022-07-01,Liquid/gas Fuel,fuelsindustry.org.za,GAUTENG,ILLUMINATING PARAFFIN (C/L),1986.288,166.00,6.71
2022-07-01,Liquid/gas Fuel,fuelsindustry.org.za,COASTAL,DIESEL 0.05% (C/L),2475.24,231.00,12.69
2022-06-01,Liquid/gas Fuel,fuelsindustry.org.za,GAUTENG,ILLUMINATING PARAFFIN (C/L),1820.29,156.00,4.20
2022-06-01,Liquid/gas Fuel,fuelsindustry.org.za,GAUTENG,LIQUEFIED PETROLEUM GAS (C/KG),3714.0,-51.00,-2.17
2022-06-01,Liquid/gas Fuel,fuelsindustry.org.za,COASTAL,95 LRP (C/L),2352.0,243.00,10.52
2022-06-01,Liquid/gas Fuel,fuelsindustry.org.za,GAUTENG,DIESEL 0.05% (C/L),2309.44,110.00,4.59
2022-06-01,Liquid/gas Fuel,fuelsindustry.org.za,GAUTENG,93 ULP (C/L),2394.0,243.00,10.15
2022-06-01,Liquid/gas Fuel,fuelsindustry.org.za,GAUTENG,93 LRP (C/L),2394.0,243.00,13.95
2022-06-01,Liquid/gas Fuel,fuelsindustry.org.za,COASTAL,ILLUMINATING PARAFFIN (C/L),1741.89,156.00,6.95
2022-06-01,Liquid/gas Fuel,fuelsindustry.org.za,COASTAL,DIESEL 0.05% (C/L),2244.24,110.00,4.55
2022-06-01,Liquid/gas Fuel,fuelsindustry.org.za,GAUTENG,95 ULP (C/L),2417.0,233.00,10.32
2022-06-01,Liquid/gas Fuel,fuelsindustry.org.za,COASTAL,DIESEL 0.005% (C/L),2257.64,107.00,3.08
2022-06-01,Liquid/gas Fuel,fuelsindustry.org.za,COASTAL,LIQUEFIED PETROLEUM GAS (C/KG),3472.0,-51.00,-2.20
2022-06-01,Liquid/gas Fuel,fuelsindustry.org.za,GAUTENG,DIESEL 0.005% (C/L),2322.84,107.00,4.55
2022-06-01,Liquid/gas Fuel,fuelsindustry.org.za,COASTAL,95 ULP (C/L),2352.0,243.00,11.13
2022-05-01,Liquid/gas Fuel,fuelsindustry.org.za,GAUTENG,95 ULP (C/L),2184.0,-12.00,-0.34
2022-05-01,Liquid/gas Fuel,fuelsindustry.org.za,COASTAL,LIQUEFIED PETROLEUM GAS (C/KG),3523.0,69.00,3.23
2022-05-01,Liquid/gas Fuel,fuelsindustry.org.za,COASTAL,DIESEL 0.05% (C/L),2134.24,94.30,4.29
2022-05-01,Liquid/gas Fuel,fuelsindustry.org.za,GAUTENG,DIESEL 0.05% (C/L),2199.44,98.00,4.56
2022-05-01,Liquid/gas Fuel,fuelsindustry.org.za,COASTAL,DIESEL 0.005% (C/L),2150.64,88.30,4.19
2022-05-01,Liquid/gas Fuel,fuelsindustry.org.za,COASTAL,95 LRP (C/L),2109.0,-15.00,-0.70
2022-05-01,Liquid/gas Fuel,fuelsindustry.org.za,GAUTENG,93 LRP (C/L),2151.0,-12.00,-0.57
2022-05-01,Liquid/gas Fuel,fuelsindustry.org.za,COASTAL,95 ULP (C/L),2109.0,-15.00,-0.68
2022-05-01,Liquid/gas Fuel,fuelsindustry.org.za,GAUTENG,DIESEL 0.005% (C/L),2215.84,92.00,4.28
2022-05-01,Liquid/gas Fuel,fuelsindustry.org.za,GAUTENG,93 ULP (C/L),2151.0,-12.00,-0.76
2022-05-01,Liquid/gas Fuel,fuelsindustry.org.za,COASTAL,ILLUMINATING PARAFFIN (C/L),1585.89,83.10,4.99
2022-05-01,Liquid/gas Fuel,fuelsindustry.org.za,GAUTENG,ILLUMINATING PARAFFIN (C/L),1664.29,79.60,2.11
2022-05-01,Liquid/gas Fuel,fuelsindustry.org.za,GAUTENG,LIQUEFIED PETROLEUM GAS (C/KG),3765.0,69.00,1.87
2022-04-01,Liquid/gas Fuel,fuelsindustry.org.za,GAUTENG,LIQUEFIED PETROLEUM GAS (C/KG),3696.0,250.00,11.90
2022-04-01,Liquid/gas Fuel,fuelsindustry.org.za,GAUTENG,DIESEL 0.05% (C/L),2101.44,152.56,7.18
2022-04-01,Liquid/gas Fuel,fuelsindustry.org.za,COASTAL,95 LRP (C/L),2124.0,36.00,1.66
2022-04-01,Liquid/gas Fuel,fuelsindustry.org.za,GAUTENG,93 ULP (C/L),2163.0,28.00,0.81
2022-04-01,Liquid/gas Fuel,fuelsindustry.org.za,COASTAL,LIQUEFIED PETROLEUM GAS (C/KG),3454.0,250.00,11.77
2022-04-01,Liquid/gas Fuel,fuelsindustry.org.za,GAUTENG,DIESEL 0.005% (C/L),2123.84,168.56,8.26
2022-04-01,Liquid/gas Fuel,fuelsindustry.org.za,COASTAL,DIESEL 0.05% (C/L),2039.94,152.56,7.18
2022-04-01,Liquid/gas Fuel,fuelsindustry.org.za,COASTAL,95 ULP (C/L),2124.0,36.00,1.66
2022-04-01,Liquid/gas Fuel,fuelsindustry.org.za,GAUTENG,93 LRP (C/L),2163.0,28.00,1.28
2022-04-01,Liquid/gas Fuel,fuelsindustry.org.za,GAUTENG,95 ULP (C/L),2196.0,36.00,2.40
2022-04-01,Liquid/gas Fuel,fuelsindustry.org.za,COASTAL,ILLUMINATING PARAFFIN (C/L),1502.79,266.00,12.90
2022-04-01,Liquid/gas Fuel,fuelsindustry.org.za,COASTAL,DIESEL 0.005% (C/L),2062.34,168.56,10.64
2022-04-01,Liquid/gas Fuel,fuelsindustry.org.za,GAUTENG,ILLUMINATING PARAFFIN (C/L),1584.69,266.00,12.31
2022-03-01,Liquid/gas Fuel,fuelsindustry.org.za,GAUTENG,95 ULP (C/L),2160.0,146.00,11.80
2022-03-01,Liquid/gas Fuel,fuelsindustry.org.za,COASTAL,ILLUMINATING PARAFFIN (C/L),1236.79,121.00,6.39
2022-03-01,Liquid/gas Fuel,fuelsindustry.org.za,COASTAL,DIESEL 0.005% (C/L),1893.78,148.36,7.11
2022-03-01,Liquid/gas Fuel,fuelsindustry.org.za,COASTAL,95 ULP (C/L),2088.0,146.00,4.24
2022-03-01,Liquid/gas Fuel,fuelsindustry.org.za,GAUTENG,LIQUEFIED PETROLEUM GAS (C/KG),3446.0,70.00,5.31
2022-03-01,Liquid/gas Fuel,fuelsindustry.org.za,GAUTENG,ILLUMINATING PARAFFIN (C/L),1318.69,121.00,5.67
2022-03-01,Liquid/gas Fuel,fuelsindustry.org.za,GAUTENG,93 ULP (C/L),2135.0,146.00,7.47
2022-03-01,Liquid/gas Fuel,fuelsindustry.org.za,GAUTENG,DIESEL 0.005% (C/L),1955.28,148.36,7.61
2022-03-01,Liquid/gas Fuel,fuelsindustry.org.za,GAUTENG,DIESEL 0.05% (C/L),1948.88,144.36,7.65
2022-03-01,Liquid/gas Fuel,fuelsindustry.org.za,COASTAL,DIESEL 0.05% (C/L),1887.38,144.36,6.76
2022-03-01,Liquid/gas Fuel,fuelsindustry.org.za,GAUTENG,93 LRP (C/L),2135.0,146.00,6.99
2022-03-01,Liquid/gas Fuel,fuelsindustry.org.za,COASTAL,95 LRP (C/L),2088.0,146.00,4.56
2022-03-01,Liquid/gas Fuel,fuelsindustry.org.za,COASTAL,LIQUEFIED PETROLEUM GAS (C/KG),3204.0,70.00,3.88
2022-02-01,Liquid/gas Fuel,fuelsindustry.org.za,GAUTENG,DIESEL 0.05% (C/L),1804.52,79.84,2.55
2022-02-01,Liquid/gas Fuel,fuelsindustry.org.za,COASTAL,LIQUEFIED PETROLEUM GAS (C/KG),3134.0,-125.00,-6.28
2022-02-01,Liquid/gas Fuel,fuelsindustry.org.za,GAUTENG,93 LRP (C/L),1989.0,53.00,2.93
2022-02-01,Liquid/gas Fuel,fuelsindustry.org.za,GAUTENG,DIESEL 0.005% (C/L),1806.92,78.84,3.91
2022-02-01,Liquid/gas Fuel,fuelsindustry.org.za,GAUTENG,95 ULP (C/L),2014.0,53.00,2.73
2022-02-01,Liquid/gas Fuel,fuelsindustry.org.za,COASTAL,95 ULP (C/L),1942.0,53.00,1.57
2022-02-01,Liquid/gas Fuel,fuelsindustry.org.za,GAUTENG,LIQUEFIED PETROLEUM GAS (C/KG),3376.0,-124.00,-7.11
2022-02-01,Liquid/gas Fuel,fuelsindustry.org.za,COASTAL,DIESEL 0.05% (C/L),1743.02,79.84,6.67
2022-02-01,Liquid/gas Fuel,fuelsindustry.org.za,GAUTENG,ILLUMINATING PARAFFIN (C/L),1197.69,101.00,9.05
2022-02-01,Liquid/gas Fuel,fuelsindustry.org.za,COASTAL,ILLUMINATING PARAFFIN (C/L),1115.79,101.00,5.79
2022-02-01,Liquid/gas Fuel,fuelsindustry.org.za,COASTAL,DIESEL 0.005% (C/L),1745.42,78.84,4.06
2022-02-01,Liquid/gas Fuel,fuelsindustry.org.za,COASTAL,95 LRP (C/L),1942.0,53.00,2.66
2022-02-01,Liquid/gas Fuel,fuelsindustry.org.za,GAUTENG,93 ULP (C/L),1989.0,53.00,2.74
